{
  "html-webpack-plugin for \"index.html\"": [
    {
      "modules": {
        "byIdentifier": {
          "node_modules/html-webpack-plugin/lib/loader.js!config/index.html": "+OJr",
          "node_modules/webpack/buildin/module.js": "3IRH",
          "node_modules/webpack/buildin/global.js": "DuR2",
          "node_modules/lodash/lodash.js": "M4fF"
        },
        "usedIds": {
          "+OJr": "+OJr",
          "3IRH": "3IRH",
          "DuR2": "DuR2",
          "M4fF": "M4fF"
        }
      },
      "chunks": {
        "byName": {},
        "byBlocks": {},
        "usedIds": {
          "0": 0
        }
      }
    }
  ],
  "extract-text-webpack-plugin": [
    {
      "modules": {
        "byIdentifier": {
          "node_modules/file-loader/index.js??ref--1!src/assets/fonts/GalanoGrotesque-Medium.woff": "02Eo",
          "node_modules/file-loader/index.js??ref--1!src/assets/fonts/GalanoGrotesque-Medium.eot": "4Zmj",
          "node_modules/file-loader/index.js??ref--1!src/assets/fonts/GalanoGrotesque-Regular.eot": "8Dl6",
          "node_modules/file-loader/index.js??ref--1!src/assets/fonts/GalanoGrotesque-SemiBold.woff": "AYsV",
          "node_modules/file-loader/index.js??ref--1!src/assets/fonts/GalanoGrotesque-LightItalic.eot": "D8GD",
          "node_modules/css-loader/lib/css-base.js": "FZ+f",
          "node_modules/url-loader/index.js??ref--4!node_modules/font-awesome/fonts/fontawesome-webfont.svg?v=4.7.0": "Fqd/",
          "node_modules/file-loader/index.js??ref--1!src/assets/fonts/GalanoGrotesque-SemiBold.eot": "GHvZ",
          "node_modules/file-loader/index.js??ref--1!node_modules/font-awesome/fonts/fontawesome-webfont.ttf?v=4.7.0": "IMLV",
          "node_modules/url-loader/index.js??ref--4!src/assets/fonts/GalanoGrotesque-Light.svg": "JRBl",
          "node_modules/css-loader/index.js!node_modules/sass-loader/lib/loader.js!node_modules/postcss-loader/lib/index.js?{\"plugins\":[null]}!src/assets/styles/app.scss": "QnFo",
          "node_modules/file-loader/index.js??ref--1!src/assets/fonts/GalanoGrotesque-Regular.woff": "VkY6",
          "node_modules/file-loader/index.js??ref--1!node_modules/font-awesome/fonts/fontawesome-webfont.eot?v=4.7.0": "cEaC",
          "node_modules/file-loader/index.js??ref--1!node_modules/font-awesome/fonts/fontawesome-webfont.eot": "cmUn",
          "node_modules/file-loader/index.js??ref--1!src/assets/fonts/GalanoGrotesque-LightItalic.woff": "diLn",
          "node_modules/url-loader/index.js??ref--4!src/assets/fonts/GalanoGrotesque-Bold.svg": "dltz",
          "node_modules/file-loader/index.js??ref--1!src/assets/fonts/GalanoGrotesque-MediumItalic.eot": "gtkP",
          "node_modules/file-loader/index.js??ref--1!src/assets/fonts/GalanoGrotesque-Light.eot": "iBoZ",
          "node_modules/file-loader/index.js??ref--1!src/assets/fonts/GalanoGrotesque-MediumItalic.woff": "im4T",
          "node_modules/file-loader/index.js??ref--1!node_modules/font-awesome/fonts/fontawesome-webfont.woff?v=4.7.0": "jNsU",
          "node_modules/url-loader/index.js??ref--4!src/assets/fonts/GalanoGrotesque-MediumItalic.svg": "l4Wd",
          "node_modules/url-loader/index.js??ref--4!src/assets/fonts/GalanoGrotesque-Medium.svg": "lC/i",
          "node_modules/file-loader/index.js??ref--1!src/assets/fonts/GalanoGrotesque-Bold.woff": "mAx/",
          "node_modules/url-loader/index.js??ref--4!src/assets/fonts/GalanoGrotesque-Regular.svg": "n+F3",
          "node_modules/file-loader/index.js??ref--1!node_modules/font-awesome/fonts/fontawesome-webfont.woff2?v=4.7.0": "of+2",
          "node_modules/file-loader/index.js??ref--1!src/assets/fonts/GalanoGrotesque-Bold.eot": "rJ03",
          "node_modules/file-loader/index.js??ref--1!src/assets/fonts/GalanoGrotesque-Light.woff": "taor",
          "node_modules/url-loader/index.js??ref--4!src/assets/fonts/GalanoGrotesque-LightItalic.svg": "wXm5",
          "node_modules/url-loader/index.js??ref--4!src/assets/fonts/GalanoGrotesque-SemiBold.svg": "xzwO"
        },
        "usedIds": {
          "02Eo": "02Eo",
          "4Zmj": "4Zmj",
          "8Dl6": "8Dl6",
          "AYsV": "AYsV",
          "D8GD": "D8GD",
          "FZ+f": "FZ+f",
          "Fqd/": "Fqd/",
          "GHvZ": "GHvZ",
          "IMLV": "IMLV",
          "JRBl": "JRBl",
          "QnFo": "QnFo",
          "VkY6": "VkY6",
          "cEaC": "cEaC",
          "cmUn": "cmUn",
          "diLn": "diLn",
          "dltz": "dltz",
          "gtkP": "gtkP",
          "iBoZ": "iBoZ",
          "im4T": "im4T",
          "jNsU": "jNsU",
          "l4Wd": "l4Wd",
          "lC/i": "lC/i",
          "mAx/": "mAx/",
          "n+F3": "n+F3",
          "of+2": "of+2",
          "rJ03": "rJ03",
          "taor": "taor",
          "wXm5": "wXm5",
          "xzwO": "xzwO"
        }
      },
      "chunks": {
        "byName": {},
        "byBlocks": {},
        "usedIds": {
          "0": 0
        }
      }
    }
  ],
  "modules": {
    "byIdentifier": {
      "node_modules/core-js/modules/es7.string.at.js": "+2+s",
      "node_modules/lodash/_objectToString.js": "+66z",
      "node_modules/core-js/modules/es6.array.index-of.js": "+CM9",
      "node_modules/core-js/modules/es7.promise.finally.js": "+Mt+",
      "node_modules/lodash/throttle.js": "+X65",
      "node_modules/core-js/modules/es6.typed.float64-array.js": "+vXH",
      "node_modules/core-js/modules/es6.object.is-sealed.js": "+yjc",
      "node_modules/react-code-splitting/dist/react-code-splitting.min.js": "/GW1",
      "node_modules/react-dom/cjs/react-dom.production.min.js": "/OLF",
      "node_modules/core-js/modules/_defined.js": "/whu",
      "node_modules/file-loader/index.js??ref--1!src/assets/fonts/GalanoGrotesque-Medium.woff": "02Eo",
      "node_modules/core-js/modules/_typed.js": "07k+",
      "node_modules/bluebird/js/browser/bluebird.js": "0Qa9",
      "node_modules/core-js/modules/_collection.js": "0Rih",
      "node_modules/core-js/modules/_set-collection-of.js": "0j1G",
      "node_modules/core-js/modules/_flags.js": "0pGU",
      "node_modules/timers-browserify/main.js": "162o",
      "node_modules/core-js/modules/es6.string.iterator.js": "1A13",
      "node_modules/core-js/modules/_fails-is-regexp.js": "1ETD",
      "node_modules/react-router/es/Redirect.js": "1S3F",
      "node_modules/core-js/modules/_meta.js": "1aA0",
      "node_modules/react-redux/es/connect/mapStateToProps.js": "1iL5",
      "node_modules/core-js/modules/es6.math.log10.js": "1ip3",
      "node_modules/core-js/modules/es6.typed.data-view.js": "1uLP",
      "node_modules/lodash-es/_overArg.js": "28Po",
      "node_modules/fbjs/lib/containsNode.js": "2B9T",
      "node_modules/redux/es/index.js": "2KeS",
      "node_modules/symbol-observable/index.js": "2MIV",
      "node_modules/core-js/modules/_string-pad.js": "2VSL",
      "node_modules/core-js/modules/_hide.js": "2p1q",
      "node_modules/webpack/buildin/module.js": "3IRH",
      "node_modules/core-js/modules/es6.function.bind.js": "3QrE",
      "node_modules/core-js/modules/_wks-define.js": "3g/S",
      "node_modules/core-js/modules/_object-sap.js": "3i66",
      "node_modules/core-js/modules/es7.reflect.delete-metadata.js": "3q4u",
      "node_modules/react-router-dom/es/NavLink.js": "3r6y",
      "node_modules/core-js/modules/es7.math.rad-per-deg.js": "3s83",
      "node_modules/core-js/modules/_user-agent.js": "41xE",
      "node_modules/core-js/modules/_string-at.js": "49qz",
      "node_modules/babel-loader/lib/index.js??ref--2!node_modules/eslint-loader/index.js!src/constants/actionTypes.js": "4HHy",
      "node_modules/core-js/modules/_same-value.js": "4IZP",
      "node_modules/core-js/shim.js": "4M2W",
      "node_modules/core-js/modules/es6.date.to-primitive.js": "4Q0w",
      "node_modules/core-js/modules/es6.string.blink.js": "4RlI",
      "node_modules/core-js/modules/es6.reflect.define-property.js": "4ZU1",
      "node_modules/file-loader/index.js??ref--1!src/assets/fonts/GalanoGrotesque-Medium.eot": "4Zmj",
      "node_modules/core-js/modules/es7.map.from.js": "4rmF",
      "node_modules/redux-thunk/lib/index.js": "4ufr",
      "node_modules/react-router-dom/es/Prompt.js": "52Em",
      "node_modules/core-js/modules/es6.typed.int8-array.js": "52Wt",
      "node_modules/core-js/modules/es6.string.strike.js": "5iw+",
      "node_modules/lodash/isSymbol.js": "6MiT",
      "node_modules/core-js/modules/es7.weak-map.from.js": "6Xxs",
      "node_modules/react-router-dom/es/Switch.js": "6cJI",
      "node_modules/core-js/modules/es7.math.isubh.js": "6iMJ",
      "node_modules/core-js/modules/_typed-array.js": "77Ug",
      "node_modules/core-js/modules/es6.math.asinh.js": "7Jvp",
      "node_modules/core-js/modules/_species-constructor.js": "7O1s",
      "node_modules/core-js/modules/_core.js": "7gX0",
      "node_modules/react-router/node_modules/isarray/index.js": "7orI",
      "node_modules/core-js/modules/_object-create.js": "7ylX",
      "node_modules/core-js/modules/es6.array.slice.js": "81dZ",
      "node_modules/core-js/modules/es6.string.fontcolor.js": "82of",
      "node_modules/core-js/modules/_to-index.js": "8D8H",
      "node_modules/file-loader/index.js??ref--1!src/assets/fonts/GalanoGrotesque-Regular.eot": "8Dl6",
      "node_modules/core-js/modules/es6.string.anchor.js": "8Np7",
      "node_modules/react-router-dom/es/BrowserRouter.js": "8QhD",
      "node_modules/core-js/modules/es7.reflect.has-metadata.js": "8WbS",
      "node_modules/core-js/modules/es6.date.to-json.js": "8fhx",
      "node_modules/core-js/modules/_parse-float.js": "8t38",
      "node_modules/core-js/modules/_an-instance.js": "9GpA",
      "node_modules/fbjs/lib/getActiveElement.js": "9U7y",
      "node_modules/core-js/modules/es7.symbol.async-iterator.js": "9Yib",
      "node_modules/core-js/modules/es6.reflect.prevent-extensions.js": "9mGU",
      "node_modules/core-js/modules/es6.typed.array-buffer.js": "9mmO",
      "node_modules/react-router-dom/es/StaticRouter.js": "9uhF",
      "node_modules/core-js/modules/_is-array-iter.js": "9vb1",
      "node_modules/core-js/modules/es6.array.copy-within.js": "9vc3",
      "node_modules/core-js/modules/es6.math.expm1.js": "9xIj",
      "node_modules/core-js/modules/es6.symbol.js": "A0n/",
      "node_modules/core-js/modules/_redefine-all.js": "A16L",
      "node_modules/core-js/modules/es6.number.is-safe-integer.js": "A1ng",
      "node_modules/core-js/modules/es6.reflect.get-own-property-descriptor.js": "A52B",
      "node_modules/file-loader/index.js??ref--1!src/assets/fonts/GalanoGrotesque-SemiBold.woff": "AYsV",
      "node_modules/core-js/modules/es7.object.lookup-setter.js": "AkTE",
      "node_modules/core-js/modules/es7.math.imulh.js": "B3Xn",
      "node_modules/babel-loader/lib/index.js??ref--2!node_modules/eslint-loader/index.js!src/actions/index.js": "BCOr",
      "node_modules/object-assign/index.js": "BEQ0",
      "node_modules/core-js/modules/es7.weak-set.of.js": "BOYP",
      "node_modules/url-loader/index.js??ref--4!src/assets/images/egg-yes.jpg": "BW9Q",
      "node_modules/core-js/modules/_to-length.js": "BbyF",
      "node_modules/react-router/node_modules/path-to-regexp/index.js": "Bdlu",
      "node_modules/core-js/modules/es6.object.get-own-property-descriptor.js": "C+4B",
      "node_modules/core-js/modules/_enum-keys.js": "C+Ps",
      "node_modules/core-js/modules/es6.array.for-each.js": "CEO+",
      "node_modules/core-js/modules/_set-species.js": "CEne",
      "node_modules/core-js/modules/es6.reflect.apply.js": "CVR+",
      "node_modules/babel-loader/lib/index.js??ref--2!node_modules/eslint-loader/index.js!src/reducers/index.js": "ChGC",
      "node_modules/core-js/modules/es6.string.starts-with.js": "CvWX",
      "node_modules/file-loader/index.js??ref--1!src/assets/fonts/GalanoGrotesque-LightItalic.eot": "D8GD",
      "node_modules/babel-loader/lib/index.js??ref--2!node_modules/eslint-loader/index.js!src/helpers/persist.js": "DA9L",
      "node_modules/redux/es/utils/warning.js": "DEeB",
      "node_modules/core-js/modules/_an-object.js": "DIVP",
      "node_modules/core-js/modules/_array-copy-within.js": "DPsE",
      "node_modules/core-js/modules/es7.global.js": "DQfQ",
      "node_modules/core-js/modules/_collection-strong.js": "Dgii",
      "node_modules/core-js/modules/_export.js": "Ds5P",
      "node_modules/webpack/buildin/global.js": "DuR2",
      "node_modules/core-js/modules/es6.string.sub.js": "EWrS",
      "node_modules/core-js/modules/es7.reflect.metadata.js": "EZ+5",
      "node_modules/lodash-es/_Symbol.js": "EZG+",
      "node_modules/react-router/es/matchPath.js": "Een0",
      "node_modules/core-js/modules/es6.function.name.js": "EuXz",
      "node_modules/core-js/modules/es6.parse-float.js": "EvFb",
      "node_modules/core-js/modules/es7.math.radians.js": "F1ui",
      "node_modules/core-js/modules/es6.string.raw.js": "F3sI",
      "node_modules/react-router-dom/es/index.js": "F8kA",
      "node_modules/superagent/lib/is-object.js": "FIAN",
      "node_modules/core-js/modules/es7.object.entries.js": "FKfb",
      "node_modules/value-equal/index.js": "FKtm",
      "node_modules/css-loader/lib/css-base.js": "FZ+f",
      "node_modules/core-js/modules/es6.regexp.to-string.js": "FaZr",
      "node_modules/core-js/modules/_array-reduce.js": "FkIZ",
      "node_modules/url-loader/index.js??ref--4!node_modules/font-awesome/fonts/fontawesome-webfont.svg?v=4.7.0": "Fqd/",
      "node_modules/core-js/modules/_to-object.js": "FryR",
      "node_modules/superagent/lib/client.js": "GG98",
      "node_modules/file-loader/index.js??ref--1!src/assets/fonts/GalanoGrotesque-SemiBold.eot": "GHvZ",
      "node_modules/core-js/modules/es6.string.includes.js": "Gh7F",
      "node_modules/react/index.js": "GiK3",
      "node_modules/warning/browser.js": "GvBW",
      "node_modules/core-js/modules/es6.math.trunc.js": "H0mh",
      "node_modules/core-js/modules/es7.math.signbit.js": "H7zx",
      "node_modules/history/createMemoryHistory.js": "HSnN",
      "node_modules/core-js/modules/es6.object.define-properties.js": "Hhm4",
      "node_modules/core-js/modules/es6.math.sign.js": "Hl+4",
      "node_modules/react-redux/es/utils/verifyPlainObject.js": "Htzn",
      "node_modules/core-js/modules/_flatten-into-array.js": "IFpc",
      "node_modules/file-loader/index.js??ref--1!node_modules/font-awesome/fonts/fontawesome-webfont.ttf?v=4.7.0": "IMLV",
      "node_modules/core-js/modules/es6.array.is-array.js": "IMUI",
      "node_modules/core-js/modules/_iter-create.js": "IRJ3",
      "node_modules/history/es/LocationUtils.js": "Iauv",
      "node_modules/history/es/createTransitionManager.js": "IiIQ",
      "node_modules/history/PathUtils.js": "Izpu",
      "node_modules/core-js/modules/es6.string.fixed.js": "J+j9",
      "node_modules/lodash-es/_getPrototype.js": "J/I/",
      "node_modules/core-js/modules/es6.string.sup.js": "J2ob",
      "node_modules/core-js/modules/es6.reflect.is-extensible.js": "JG34",
      "node_modules/core-js/modules/es7.map.of.js": "JJ3w",
      "node_modules/url-loader/index.js??ref--4!src/assets/fonts/GalanoGrotesque-Light.svg": "JRBl",
      "node_modules/fbjs/lib/focusNode.js": "JTgD",
      "node_modules/core-js/modules/es6.typed.int32-array.js": "K0JP",
      "node_modules/core-js/modules/_iter-step.js": "KB1o",
      "node_modules/core-js/modules/_object-gpo.js": "KOrd",
      "node_modules/prop-types/index.js": "KSGD",
      "node_modules/react-dropzone/dist/index.js": "KTM0",
      "node_modules/lodash-es/_getRawTag.js": "LF1K",
      "node_modules/babel-loader/lib/index.js??ref--2!node_modules/eslint-loader/index.js!src/components/Home.js": "LFH0",
      "node_modules/core-js/modules/es6.number.is-nan.js": "LG56",
      "node_modules/core-js/modules/es7.string.trim-right.js": "LRL/",
      "node_modules/core-js/modules/es7.weak-map.of.js": "La7N",
      "node_modules/core-js/modules/_array-methods.js": "LhTa",
      "node_modules/core-js/modules/es6.math.cosh.js": "LlNE",
      "node_modules/core-js/modules/es6.math.imul.js": "Lqg1",
      "node_modules/core-js/modules/_typed-buffer.js": "LrcN",
      "node_modules/lodash/lodash.js": "M4fF",
      "node_modules/core-js/modules/_wks-ext.js": "M8WE",
      "node_modules/react-redux/es/utils/Subscription.js": "MCT5",
      "node_modules/style-loader/lib/addStyles.js": "MTIv",
      "node_modules/react-router-dom/es/Route.js": "MfZD",
      "node_modules/core-js/modules/es6.regexp.match.js": "MfeA",
      "node_modules/core-js/modules/es6.math.sinh.js": "MjHD",
      "node_modules/core-js/modules/es6.map.js": "MsuQ",
      "node_modules/core-js/modules/es6.typed.uint8-clamped-array.js": "MyjO",
      "node_modules/core-js/modules/es6.math.log2.js": "N4KQ",
      "node_modules/core-js/modules/es7.reflect.get-metadata.js": "NHaJ",
      "node_modules/core-js/modules/_strict-method.js": "NNrz",
      "node_modules/core-js/modules/es6.typed.uint32-array.js": "NfZy",
      "node_modules/lodash/_Symbol.js": "NkRn",
      "node_modules/core-js/modules/es6.array.every.js": "Nkrw",
      "node_modules/core-js/modules/es6.array.fill.js": "No4x",
      "node_modules/react-dom/index.js": "O27J",
      "node_modules/lodash/debounce.js": "O4Lo",
      "node_modules/babel-loader/lib/index.js??ref--2!node_modules/eslint-loader/index.js!src/helpers/index.js": "OF+h",
      "node_modules/core-js/modules/_parse-int.js": "OgTs",
      "node_modules/core-js/modules/_global.js": "OzIq",
      "node_modules/react-router-dom/es/Redirect.js": "PGPo",
      "node_modules/core-js/modules/_invoke.js": "PHCx",
      "node_modules/core-js/modules/_to-iobject.js": "PHqh",
      "node_modules/react-redux/es/components/Provider.js": "PMgr",
      "node_modules/core-js/modules/es6.function.has-instance.js": "PbPd",
      "node_modules/core-js/modules/es6.reflect.get-prototype-of.js": "PuTd",
      "node_modules/core-js/modules/es6.array.species.js": "Q/CP",
      "node_modules/prop-types/factoryWithThrowingShims.js": "Q4WQ",
      "node_modules/core-js/modules/_iobject.js": "Q6Nf",
      "node_modules/core-js/modules/es6.number.constructor.js": "QBuC",
      "node_modules/core-js/modules/_array-from-iterable.js": "QG7u",
      "node_modules/react-redux/es/connect/mergeProps.js": "QGoG",
      "node_modules/core-js/modules/_enum-bug-keys.js": "QKXm",
      "node_modules/core-js/modules/es6.number.to-fixed.js": "QWLi",
      "node_modules/core-js/modules/es6.date.now.js": "QaEu",
      "node_modules/core-js/modules/es7.promise.try.js": "QcWB",
      "node_modules/core-js/modules/_object-keys.js": "Qh14",
      "node_modules/core-js/modules/es6.object.define-property.js": "QzLV",
      "multi babel-polyfill src": 0,
      "node_modules/core-js/modules/_redefine.js": "R3AP",
      "node_modules/core-js/modules/es7.math.iaddh.js": "R3KI",
      "node_modules/core-js/modules/es6.string.big.js": "R4pa",
      "node_modules/react-redux/es/index.js": "RH2O",
      "node_modules/lodash/now.js": "RVHk",
      "node_modules/core-js/modules/es6.string.code-point-at.js": "Racj",
      "node_modules/core-js/modules/_object-keys-internal.js": "ReGu",
      "node_modules/core-js/modules/_add-to-unscopables.js": "RhFG",
      "node_modules/core-js/modules/es6.date.to-string.js": "Rk41",
      "node_modules/core-js/modules/es6.reflect.own-keys.js": "Rw4K",
      "node_modules/core-js/modules/_math-log1p.js": "Rz2z",
      "node_modules/core-js/modules/es6.parse-int.js": "S+E/",
      "node_modules/react-redux/es/components/connectAdvanced.js": "SAW1",
      "node_modules/core-js/modules/_perform.js": "SDXa",
      "node_modules/core-js/modules/core.get-iterator-method.js": "SHe9",
      "node_modules/core-js/modules/es6.reflect.get.js": "SPtU",
      "node_modules/core-js/modules/es6.math.tanh.js": "SRCy",
      "node_modules/core-js/modules/es6.string.small.js": "SU+a",
      "node_modules/babel-loader/lib/index.js??ref--2!node_modules/eslint-loader/index.js!src/components/Auth/Form.js": "SWkF",
      "node_modules/core-js/modules/_task.js": "Sejc",
      "node_modules/regenerator-runtime/runtime.js": "SldL",
      "node_modules/core-js/modules/es6.number.epsilon.js": "Stuz",
      "node_modules/core-js/modules/es6.typed.uint8-array.js": "TFWu",
      "node_modules/core-js/modules/es6.typed.uint16-array.js": "THnP",
      "node_modules/fbjs/lib/emptyObject.js": "TJez",
      "node_modules/lodash/_root.js": "TQ3y",
      "node_modules/core-js/modules/es7.error.is-error.js": "U+VG",
      "node_modules/react-redux/es/connect/wrapMapToProps.js": "U33l",
      "node_modules/core-js/modules/es6.array.find-index.js": "U6qc",
      "node_modules/core-js/modules/es6.string.link.js": "UJiG",
      "node_modules/core-js/modules/_is-object.js": "UKM+",
      "node_modules/core-js/modules/es6.date.to-iso-string.js": "UbXY",
      "node_modules/lodash/isObjectLike.js": "UnEC",
      "node_modules/core-js/modules/es6.weak-set.js": "V/H1",
      "node_modules/core-js/modules/_library.js": "V3l/",
      "node_modules/react-redux/es/connect/selectorFactory.js": "VDa7",
      "node_modules/core-js/modules/es6.object.freeze.js": "VTn2",
      "node_modules/core-js/modules/_shared.js": "VWgF",
      "node_modules/core-js/modules/_fix-re-wks.js": "Vg1y",
      "node_modules/core-js/modules/es6.regexp.replace.js": "VjuZ",
      "node_modules/file-loader/index.js??ref--1!src/assets/fonts/GalanoGrotesque-Regular.woff": "VkY6",
      "node_modules/core-js/modules/es6.object.seal.js": "W/IU",
      "node_modules/core-js/modules/es7.math.deg-per-rad.js": "W0pi",
      "node_modules/core-js/modules/es6.object.get-prototype-of.js": "W4Z6",
      "node_modules/core-js/modules/_has.js": "WBcL",
      "node_modules/core-js/modules/_math-scale.js": "WY8G",
      "node_modules/core-js/modules/_object-gopn.js": "WcO1",
      "node_modules/core-js/modules/es6.array.iterator.js": "WgSQ",
      "node_modules/core-js/modules/es6.number.max-safe-integer.js": "WiIn",
      "node_modules/lodash-es/_root.js": "WlpS",
      "node_modules/superagent/lib/utils.js": "Wnyv",
      "node_modules/core-js/modules/es6.object.is-frozen.js": "WpPb",
      "node_modules/core-js/modules/es6.array.find.js": "WpTh",
      "node_modules/resolve-pathname/index.js": "Wpbd",
      "node_modules/core-js/fn/regexp/escape.js": "Wwne",
      "node_modules/core-js/modules/es6.string.fontsize.js": "X/Hz",
      "node_modules/lodash-es/_objectToString.js": "X0mE",
      "node_modules/babel-loader/lib/index.js??ref--2!node_modules/eslint-loader/index.js!src/components/Auth/Login.js": "X2N6",
      "node_modules/core-js/modules/es7.math.clamp.js": "X6NR",
      "node_modules/core-js/modules/es6.reflect.enumerate.js": "X7aK",
      "node_modules/react-router-dom/es/MemoryRouter.js": "XLvd",
      "node_modules/core-js/modules/_is-array.js": "XO1R",
      "node_modules/core-js/modules/_a-function.js": "XSOZ",
      "node_modules/core-js/modules/_collection-to-json.js": "XXBo",
      "node_modules/core-js/modules/_string-ws.js": "Xduv",
      "node_modules/core-js/modules/es6.number.is-integer.js": "XtiL",
      "node_modules/core-js/modules/_iter-call.js": "XvUs",
      "node_modules/babel-runtime/regenerator/index.js": "Xxa5",
      "node_modules/core-js/modules/_object-gops.js": "Y1N3",
      "node_modules/core-js/modules/es6.string.ends-with.js": "Y1S0",
      "node_modules/core-js/modules/_object-pie.js": "Y1aA",
      "node_modules/core-js/modules/es6.object.prevent-extensions.js": "Y5ex",
      "node_modules/core-js/modules/_date-to-iso-string.js": "Y7Tz",
      "node_modules/lodash-es/isObjectLike.js": "YByk",
      "node_modules/babel-loader/lib/index.js??ref--2!node_modules/eslint-loader/index.js!src/components/App.js": "YCZr",
      "node_modules/core-js/modules/_own-keys.js": "YUr7",
      "node_modules/core-js/modules/es7.object.values.js": "YVn/",
      "node_modules/core-js/modules/es7.set.from.js": "Ygg6",
      "node_modules/core-js/modules/_string-trim.js": "Ymdd",
      "node_modules/redux/es/createStore.js": "ZBO9",
      "node_modules/core-js/modules/es6.weak-map.js": "ZDXm",
      "node_modules/core-js/modules/es6.number.to-precision.js": "ZRJK",
      "node_modules/core-js/modules/_bind.js": "ZtwE",
      "node_modules/lodash/_baseGetTag.js": "aCM0",
      "node_modules/core-js/modules/es6.number.min-safe-integer.js": "aJ2J",
      "node_modules/core-js/modules/es7.asap.js": "aM0T",
      "node_modules/react-redux/es/utils/shallowEqual.js": "aQGf",
      "node_modules/core-js/modules/es6.number.parse-float.js": "altv",
      "node_modules/core-js/modules/es7.set.to-json.js": "arGp",
      "node_modules/babel-loader/lib/index.js??ref--2!node_modules/eslint-loader/index.js!src/constants/urls.js": "araD",
      "node_modules/symbol-observable/lib/index.js": "bFAv",
      "node_modules/core-js/modules/_object-gopn-ext.js": "bG/2",
      "node_modules/core-js/modules/_iterators.js": "bN1p",
      "node_modules/core-js/modules/_create-property.js": "bSML",
      "node_modules/core-js/modules/es6.reflect.set.js": "bUY0",
      "node_modules/core-js/modules/_descriptors.js": "bUqO",
      "node_modules/react-router/es/Switch.js": "bXVx",
      "node_modules/core-js/modules/es6.array.from.js": "beEN",
      "node_modules/lodash/_freeGlobal.js": "blYT",
      "node_modules/core-js/modules/_array-species-constructor.js": "boo2",
      "node_modules/core-js/modules/es6.string.from-code-point.js": "bqOW",
      "node_modules/react-redux/es/utils/warning.js": "byaS",
      "node_modules/file-loader/index.js??ref--1!node_modules/font-awesome/fonts/fontawesome-webfont.eot?v=4.7.0": "cEaC",
      "node_modules/history/createBrowserHistory.js": "ciQf",
      "node_modules/file-loader/index.js??ref--1!node_modules/font-awesome/fonts/fontawesome-webfont.eot": "cmUn",
      "node_modules/invariant/browser.js": "crWv",
      "node_modules/core-js/modules/_math-sign.js": "cwmK",
      "node_modules/fbjs/lib/invariant.js": "cxPT",
      "node_modules/fbjs/lib/ExecutionEnvironment.js": "czSA",
      "node_modules/core-js/modules/_html.js": "d075",
      "node_modules/react-router-dom/es/Router.js": "dCLN",
      "node_modules/core-js/modules/es6.set.js": "dSUw",
      "node_modules/core-js/modules/es6.typed.float32-array.js": "dTzs",
      "node_modules/core-js/modules/es6.number.parse-int.js": "dULJ",
      "node_modules/file-loader/index.js??ref--1!src/assets/fonts/GalanoGrotesque-LightItalic.woff": "diLn",
      "node_modules/core-js/modules/web.immediate.js": "dich",
      "node_modules/url-loader/index.js??ref--4!src/assets/fonts/GalanoGrotesque-Bold.svg": "dltz",
      "node_modules/core-js/modules/es6.reflect.has.js": "dm+7",
      "node_modules/core-js/modules/_object-forced-pam.js": "dm6P",
      "node_modules/babel-loader/lib/index.js??ref--2!node_modules/eslint-loader/index.js!src/components/HomePage/index.js": "dsh6",
      "node_modules/core-js/modules/es7.object.define-setter.js": "dxQb",
      "node_modules/superagent/lib/agent-base.js": "e/Fd",
      "node_modules/fbjs/lib/emptyFunction.js": "e6+Q",
      "node_modules/core-js/modules/es6.object.get-own-property-names.js": "eC2H",
      "node_modules/core-js/modules/es6.string.italics.js": "eVIH",
      "node_modules/fbjs/lib/isNode.js": "f2RQ",
      "node_modules/core-js/modules/_collection-weak.js": "fJSx",
      "node_modules/core-js/modules/es6.array.filter.js": "fOdq",
      "node_modules/core-js/modules/_a-number-value.js": "fS0v",
      "node_modules/core-js/modules/_property-desc.js": "fU25",
      "node_modules/react-redux/es/utils/PropTypes.js": "faAt",
      "node_modules/core-js/modules/web.dom.iterable.js": "fx22",
      "node_modules/core-js/modules/_math-fround.js": "g/m8",
      "node_modules/core-js/modules/_microtask.js": "g36u",
      "node_modules/core-js/modules/es6.object.is-extensible.js": "gPva",
      "node_modules/core-js/modules/es6.object.to-string.js": "gYYG",
      "node_modules/core-js/modules/es7.array.includes.js": "gbyG",
      "node_modules/prop-types/lib/ReactPropTypesSecret.js": "gt/O",
      "node_modules/file-loader/index.js??ref--1!src/assets/fonts/GalanoGrotesque-MediumItalic.eot": "gtkP",
      "node_modules/core-js/modules/_set-proto.js": "gvDt",
      "node_modules/core-js/modules/es7.map.to-json.js": "h7Xi",
      "node_modules/hoist-non-react-statics/index.js": "hYij",
      "node_modules/core-js/modules/es7.math.umulh.js": "i039",
      "node_modules/core-js/modules/es6.object.create.js": "i68Q",
      "node_modules/file-loader/index.js??ref--1!src/assets/fonts/GalanoGrotesque-Light.eot": "iBoZ",
      "node_modules/core-js/modules/_set-collection-from.js": "iKpr",
      "node_modules/core-js/modules/es6.string.bold.js": "iM2X",
      "node_modules/history/es/DOMUtils.js": "iSqa",
      "node_modules/file-loader/index.js??ref--1!src/assets/fonts/GalanoGrotesque-MediumItalic.woff": "im4T",
      "node_modules/superagent/lib/response-base.js": "ioWq",
      "node_modules/core-js/modules/es7.system.global.js": "j/Lv",
      "node_modules/babel-polyfill/lib/index.js": "j1ja",
      "node_modules/core-js/modules/es6.array.join.js": "j42X",
      "node_modules/core-js/modules/_date-to-primitive.js": "jB26",
      "node_modules/babel-loader/lib/index.js??ref--2!node_modules/eslint-loader/index.js!src/reducers/user.js": "jL54",
      "node_modules/file-loader/index.js??ref--1!node_modules/font-awesome/fonts/fontawesome-webfont.woff?v=4.7.0": "jNsU",
      "node_modules/core-js/modules/_dom-create.js": "jhxf",
      "node_modules/core-js/modules/es6.object.set-prototype-of.js": "jrHM",
      "node_modules/regenerator-runtime/runtime-module.js": "jyFz",
      "node_modules/history/es/createHashHistory.js": "k5k7",
      "node_modules/core-js/modules/es6.math.cbrt.js": "kBOG",
      "node_modules/core-js/modules/_inherit-if-required.js": "kic5",
      "node_modules/history/createHashHistory.js": "kjbi",
      "node_modules/core-js/modules/_wks.js": "kkCw",
      "node_modules/core-js/modules/_string-context.js": "kqpo",
      "node_modules/lodash/toNumber.js": "kxzG",
      "node_modules/url-loader/index.js??ref--4!src/assets/fonts/GalanoGrotesque-MediumItalic.svg": "l4Wd",
      "node_modules/react-redux/es/connect/mapDispatchToProps.js": "l5Tb",
      "node_modules/url-loader/index.js??ref--4!src/assets/fonts/GalanoGrotesque-Medium.svg": "lC/i",
      "node_modules/redux/es/bindActionCreators.js": "lCUn",
      "node_modules/core-js/modules/_object-dp.js": "lDLk",
      "node_modules/core-js/modules/_object-to-array.js": "lKE8",
      "node_modules/redux/es/compose.js": "lMc7",
      "node_modules/node-libs-browser/node_modules/process/browser.js": "lNQ5",
      "node_modules/babel-loader/lib/index.js??ref--2!node_modules/eslint-loader/index.js!src/index.js": "lVK7",
      "node_modules/core-js/modules/es6.array.reduce-right.js": "lkT3",
      "node_modules/core-js/modules/es6.regexp.constructor.js": "lnZN",
      "node_modules/core-js/modules/es6.math.atanh.js": "lyhN",
      "node_modules/extract-text-webpack-plugin/loader.js??ref--3-0!node_modules/style-loader/index.js!node_modules/css-loader/index.js!node_modules/sass-loader/lib/loader.js!node_modules/postcss-loader/lib/index.js??ref--3-4!src/assets/styles/app.scss": "m3Wc",
      "node_modules/babel-loader/lib/index.js??ref--2!node_modules/eslint-loader/index.js!src/components/Header/index.js": "m5tV",
      "node_modules/core-js/modules/es6.math.fround.js": "m6Yj",
      "node_modules/core-js/modules/es7.string.pad-end.js": "m8F4",
      "node_modules/file-loader/index.js??ref--1!src/assets/fonts/GalanoGrotesque-Bold.woff": "mAx/",
      "node_modules/style-loader/lib/urls.js": "mJPh",
      "node_modules/core-js/modules/es6.regexp.split.js": "mJx5",
      "node_modules/core-js/modules/es6.reflect.set-prototype-of.js": "mTp7",
      "node_modules/core-js/modules/_shared-key.js": "mZON",
      "node_modules/core-js/modules/es6.string.trim.js": "mhn7",
      "node_modules/react-redux/es/connect/verifySubselectors.js": "mqO+",
      "node_modules/setimmediate/setImmediate.js": "mypn",
      "node_modules/url-loader/index.js??ref--4!src/assets/fonts/GalanoGrotesque-Regular.svg": "n+F3",
      "node_modules/core-js/modules/es6.object.assign.js": "n12u",
      "node_modules/core-js/modules/_is-integer.js": "n982",
      "node_modules/core-js/modules/es6.object.is.js": "nRs1",
      "node_modules/lodash-es/_freeGlobal.js": "nSxQ",
      "node_modules/react-router-dom/es/HashRouter.js": "nT98",
      "node_modules/core-js/modules/es7.observable.js": "nh2o",
      "node_modules/core-js/modules/_promise-resolve.js": "nphH",
      "node_modules/core-js/modules/_replacer.js": "nqOf",
      "node_modules/fbjs/lib/EventListener.js": "o+pC",
      "node_modules/history/es/createMemoryHistory.js": "o1/Q",
      "node_modules/superagent/lib/request-base.js": "o5bJ",
      "node_modules/core-js/modules/es7.array.flat-map.js": "oF0V",
      "node_modules/core-js/modules/es6.array.last-index-of.js": "oHKp",
      "node_modules/core-js/modules/_object-assign.js": "oYd7",
      "node_modules/core-js/modules/es7.object.define-getter.js": "oYp4",
      "node_modules/core-js/modules/_to-integer.js": "oeih",
      "node_modules/file-loader/index.js??ref--1!node_modules/font-awesome/fonts/fontawesome-webfont.woff2?v=4.7.0": "of+2",
      "node_modules/history/es/PathUtils.js": "okyF",
      "node_modules/babel-loader/lib/index.js??ref--2!node_modules/eslint-loader/index.js!src/store.js": "olkN",
      "node_modules/react-router/es/MemoryRouter.js": "onEH",
      "node_modules/core-js/modules/_array-includes.js": "ot5s",
      "node_modules/react-router/es/Prompt.js": "p5BY",
      "node_modules/core-js/modules/es6.math.log1p.js": "pWGb",
      "node_modules/core-js/modules/es6.regexp.flags.js": "pd+2",
      "node_modules/core-js/modules/_array-species-create.js": "plSV",
      "node_modules/component-emitter/index.js": "pnVU",
      "node_modules/babel-loader/lib/index.js??ref--2!node_modules/eslint-loader/index.js!src/constants/index.js": "qI5z",
      "node_modules/core-js/modules/es7.set.of.js": "qZb+",
      "node_modules/core-js/modules/es7.weak-set.from.js": "qdHU",
      "node_modules/core-js/modules/_iter-detect.js": "qkyc",
      "node_modules/core-js/modules/es6.typed.int16-array.js": "qtRy",
      "node_modules/core-js/modules/es6.regexp.search.js": "qwQ3",
      "node_modules/core-js/modules/core.regexp.escape.js": "r2E/",
      "node_modules/core-js/modules/_ctx.js": "rFzY",
      "node_modules/file-loader/index.js??ref--1!src/assets/fonts/GalanoGrotesque-Bold.eot": "rJ03",
      "node_modules/react-router/es/Route.js": "s4hp",
      "node_modules/core-js/modules/_to-primitive.js": "s4j0",
      "node_modules/lodash-es/isPlainObject.js": "sMP3",
      "node_modules/core-js/modules/es7.string.match-all.js": "sc7i",
      "node_modules/fbjs/lib/shallowEqual.js": "sgb3",
      "node_modules/core-js/modules/es7.string.pad-start.js": "smQ+",
      "node_modules/react-router/es/StaticRouter.js": "t1d2",
      "node_modules/css-loader/index.js!node_modules/sass-loader/lib/loader.js!node_modules/postcss-loader/lib/index.js?{}!src/assets/styles/app.scss": "t9eW",
      "node_modules/core-js/modules/es6.object.keys.js": "tJwI",
      "node_modules/core-js/modules/es7.math.degrees.js": "taNN",
      "node_modules/file-loader/index.js??ref--1!src/assets/fonts/GalanoGrotesque-Light.woff": "taor",
      "node_modules/react-router-dom/es/withRouter.js": "tfLY",
      "node_modules/core-js/modules/es6.string.repeat.js": "tqSY",
      "node_modules/history/createTransitionManager.js": "tqq1",
      "node_modules/react-router/es/Router.js": "twkG",
      "node_modules/core-js/modules/_object-dps.js": "twxM",
      "node_modules/core-js/modules/_is-regexp.js": "u0PK",
      "node_modules/core-js/modules/es6.array.sort.js": "uDYd",
      "node_modules/core-js/modules/es7.math.scale.js": "uEEG",
      "node_modules/lodash/_getRawTag.js": "uLhX",
      "node_modules/fbjs/lib/isTextNode.js": "uO0E",
      "node_modules/core-js/modules/_iter-define.js": "uc2A",
      "node_modules/core-js/modules/_uid.js": "ulTY",
      "node_modules/babel-loader/lib/index.js??ref--2!node_modules/eslint-loader/index.js!src/Root.js": "usL7",
      "node_modules/core-js/modules/es6.math.acosh.js": "v2lb",
      "node_modules/core-js/modules/es7.reflect.get-metadata-keys.js": "v3hU",
      "node_modules/core-js/modules/web.timers.js": "v8VU",
      "node_modules/core-js/modules/es7.array.flatten.js": "v90c",
      "node_modules/react-router/es/withRouter.js": "vC7t",
      "node_modules/redux/es/applyMiddleware.js": "vgv3",
      "node_modules/core-js/modules/_for-of.js": "vmSO",
      "node_modules/core-js/modules/es6.reflect.construct.js": "vmSu",
      "node_modules/core-js/modules/es7.math.fscale.js": "vnWP",
      "node_modules/core-js/modules/es7.reflect.get-own-metadata-keys.js": "vsh6",
      "node_modules/react/cjs/react.production.min.js": "vttU",
      "node_modules/core-js/modules/es7.symbol.observable.js": "vu/c",
      "node_modules/core-js/modules/_new-promise-capability.js": "w6Dh",
      "node_modules/core-js/modules/es6.array.map.js": "w6W7",
      "node_modules/core-js/modules/_classof.js": "wC1N",
      "node_modules/core-js/modules/_metadata.js": "wCso",
      "node_modules/babel-loader/lib/index.js??ref--2!node_modules/eslint-loader/index.js!src/helpers/fetch.js": "wStY",
      "node_modules/core-js/modules/es6.array.some.js": "wVdn",
      "node_modules/url-loader/index.js??ref--4!src/assets/fonts/GalanoGrotesque-LightItalic.svg": "wXm5",
      "node_modules/core-js/modules/es6.array.reduce.js": "wnRD",
      "node_modules/lodash-es/_baseGetTag.js": "wqbf",
      "node_modules/core-js/modules/es6.math.hypot.js": "wrs0",
      "node_modules/history/es/index.js": "wrym",
      "node_modules/redux/es/combineReducers.js": "x52Y",
      "node_modules/core-js/modules/_math-expm1.js": "x78i",
      "node_modules/core-js/modules/_object-gopd.js": "x9zv",
      "node_modules/core-js/modules/_string-repeat.js": "xAdt",
      "node_modules/core-js/modules/es7.object.lookup-getter.js": "xCpI",
      "node_modules/history/LocationUtils.js": "xIPz",
      "node_modules/core-js/modules/es6.array.of.js": "xMpm",
      "node_modules/core-js/modules/es6.math.clz32.js": "xONB",
      "node_modules/core-js/modules/_ie8-dom-define.js": "xZa+",
      "node_modules/core-js/modules/es7.string.trim-left.js": "xn9I",
      "node_modules/history/es/createBrowserHistory.js": "xuWB",
      "node_modules/url-loader/index.js??ref--4!src/assets/fonts/GalanoGrotesque-SemiBold.svg": "xzwO",
      "node_modules/core-js/modules/_string-html.js": "y325",
      "node_modules/core-js/modules/es6.promise.js": "y9m4",
      "node_modules/lodash/isObject.js": "yCNF",
      "node_modules/core-js/modules/es7.reflect.define-metadata.js": "yJ2x",
      "node_modules/react-router-dom/es/Link.js": "yL62",
      "node_modules/core-js/modules/es7.reflect.has-own-metadata.js": "yOtE",
      "node_modules/core-js/modules/_set-to-string-tag.js": "yYvK",
      "node_modules/core-js/modules/_cof.js": "ydD5",
      "node_modules/react-router-dom/es/matchPath.js": "yt5j",
      "node_modules/core-js/modules/es6.number.is-finite.js": "yuXV",
      "node_modules/core-js/modules/es6.reflect.delete-property.js": "yx1U",
      "node_modules/react-redux/es/connect/connect.js": "yyvF",
      "node_modules/core-js/modules/_array-fill.js": "zCYm",
      "node_modules/history/DOMUtils.js": "zFGm",
      "node_modules/core-js/modules/es7.reflect.get-own-metadata.js": "zZHq",
      "node_modules/core-js/modules/_fails.js": "zgIt",
      "node_modules/babel-polyfill/node_modules/regenerator-runtime/runtime.js": "zkX4",
      "node_modules/core-js/modules/es7.object.get-own-property-descriptors.js": "zmx7",
      "node_modules/core-js/modules/_to-absolute-index.js": "zo/l",
      "node_modules/core-js/modules/_validate-collection.js": "zq/X",
      "node_modules/symbol-observable/lib/ponyfill.js": "zzRL"
    },
    "usedIds": {
      "0": 0,
      "+2+s": "+2+s",
      "+66z": "+66z",
      "+CM9": "+CM9",
      "+Mt+": "+Mt+",
      "+X65": "+X65",
      "+vXH": "+vXH",
      "+yjc": "+yjc",
      "/GW1": "/GW1",
      "/OLF": "/OLF",
      "/whu": "/whu",
      "02Eo": "02Eo",
      "07k+": "07k+",
      "0Qa9": "0Qa9",
      "0Rih": "0Rih",
      "0j1G": "0j1G",
      "0pGU": "0pGU",
      "162o": "162o",
      "1A13": "1A13",
      "1ETD": "1ETD",
      "1S3F": "1S3F",
      "1aA0": "1aA0",
      "1iL5": "1iL5",
      "1ip3": "1ip3",
      "1uLP": "1uLP",
      "28Po": "28Po",
      "2B9T": "2B9T",
      "2KeS": "2KeS",
      "2MIV": "2MIV",
      "2VSL": "2VSL",
      "2p1q": "2p1q",
      "3IRH": "3IRH",
      "3QrE": "3QrE",
      "3g/S": "3g/S",
      "3i66": "3i66",
      "3q4u": "3q4u",
      "3r6y": "3r6y",
      "3s83": "3s83",
      "41xE": "41xE",
      "49qz": "49qz",
      "4HHy": "4HHy",
      "4IZP": "4IZP",
      "4M2W": "4M2W",
      "4Q0w": "4Q0w",
      "4RlI": "4RlI",
      "4ZU1": "4ZU1",
      "4Zmj": "4Zmj",
      "4rmF": "4rmF",
      "4ufr": "4ufr",
      "52Em": "52Em",
      "52Wt": "52Wt",
      "5iw+": "5iw+",
      "6MiT": "6MiT",
      "6Xxs": "6Xxs",
      "6cJI": "6cJI",
      "6iMJ": "6iMJ",
      "77Ug": "77Ug",
      "7Jvp": "7Jvp",
      "7O1s": "7O1s",
      "7gX0": "7gX0",
      "7orI": "7orI",
      "7ylX": "7ylX",
      "81dZ": "81dZ",
      "82of": "82of",
      "8D8H": "8D8H",
      "8Dl6": "8Dl6",
      "8Np7": "8Np7",
      "8QhD": "8QhD",
      "8WbS": "8WbS",
      "8fhx": "8fhx",
      "8t38": "8t38",
      "9GpA": "9GpA",
      "9U7y": "9U7y",
      "9Yib": "9Yib",
      "9mGU": "9mGU",
      "9mmO": "9mmO",
      "9uhF": "9uhF",
      "9vb1": "9vb1",
      "9vc3": "9vc3",
      "9xIj": "9xIj",
      "A0n/": "A0n/",
      "A16L": "A16L",
      "A1ng": "A1ng",
      "A52B": "A52B",
      "AYsV": "AYsV",
      "AkTE": "AkTE",
      "B3Xn": "B3Xn",
      "BCOr": "BCOr",
      "BEQ0": "BEQ0",
      "BOYP": "BOYP",
      "BW9Q": "BW9Q",
      "BbyF": "BbyF",
      "Bdlu": "Bdlu",
      "C+4B": "C+4B",
      "C+Ps": "C+Ps",
      "CEO+": "CEO+",
      "CEne": "CEne",
      "CVR+": "CVR+",
      "ChGC": "ChGC",
      "CvWX": "CvWX",
      "D8GD": "D8GD",
      "DA9L": "DA9L",
      "DEeB": "DEeB",
      "DIVP": "DIVP",
      "DPsE": "DPsE",
      "DQfQ": "DQfQ",
      "Dgii": "Dgii",
      "Ds5P": "Ds5P",
      "DuR2": "DuR2",
      "EWrS": "EWrS",
      "EZ+5": "EZ+5",
      "EZG+": "EZG+",
      "Een0": "Een0",
      "EuXz": "EuXz",
      "EvFb": "EvFb",
      "F1ui": "F1ui",
      "F3sI": "F3sI",
      "F8kA": "F8kA",
      "FIAN": "FIAN",
      "FKfb": "FKfb",
      "FKtm": "FKtm",
      "FZ+f": "FZ+f",
      "FaZr": "FaZr",
      "FkIZ": "FkIZ",
      "Fqd/": "Fqd/",
      "FryR": "FryR",
      "GG98": "GG98",
      "GHvZ": "GHvZ",
      "Gh7F": "Gh7F",
      "GiK3": "GiK3",
      "GvBW": "GvBW",
      "H0mh": "H0mh",
      "H7zx": "H7zx",
      "HSnN": "HSnN",
      "Hhm4": "Hhm4",
      "Hl+4": "Hl+4",
      "Htzn": "Htzn",
      "IFpc": "IFpc",
      "IMLV": "IMLV",
      "IMUI": "IMUI",
      "IRJ3": "IRJ3",
      "Iauv": "Iauv",
      "IiIQ": "IiIQ",
      "Izpu": "Izpu",
      "J+j9": "J+j9",
      "J/I/": "J/I/",
      "J2ob": "J2ob",
      "JG34": "JG34",
      "JJ3w": "JJ3w",
      "JRBl": "JRBl",
      "JTgD": "JTgD",
      "K0JP": "K0JP",
      "KB1o": "KB1o",
      "KOrd": "KOrd",
      "KSGD": "KSGD",
      "KTM0": "KTM0",
      "LF1K": "LF1K",
      "LFH0": "LFH0",
      "LG56": "LG56",
      "LRL/": "LRL/",
      "La7N": "La7N",
      "LhTa": "LhTa",
      "LlNE": "LlNE",
      "Lqg1": "Lqg1",
      "LrcN": "LrcN",
      "M4fF": "M4fF",
      "M8WE": "M8WE",
      "MCT5": "MCT5",
      "MTIv": "MTIv",
      "MfZD": "MfZD",
      "MfeA": "MfeA",
      "MjHD": "MjHD",
      "MsuQ": "MsuQ",
      "MyjO": "MyjO",
      "N4KQ": "N4KQ",
      "NHaJ": "NHaJ",
      "NNrz": "NNrz",
      "NfZy": "NfZy",
      "NkRn": "NkRn",
      "Nkrw": "Nkrw",
      "No4x": "No4x",
      "O27J": "O27J",
      "O4Lo": "O4Lo",
      "OF+h": "OF+h",
      "OgTs": "OgTs",
      "OzIq": "OzIq",
      "PGPo": "PGPo",
      "PHCx": "PHCx",
      "PHqh": "PHqh",
      "PMgr": "PMgr",
      "PbPd": "PbPd",
      "PuTd": "PuTd",
      "Q/CP": "Q/CP",
      "Q4WQ": "Q4WQ",
      "Q6Nf": "Q6Nf",
      "QBuC": "QBuC",
      "QG7u": "QG7u",
      "QGoG": "QGoG",
      "QKXm": "QKXm",
      "QWLi": "QWLi",
      "QaEu": "QaEu",
      "QcWB": "QcWB",
      "Qh14": "Qh14",
      "QzLV": "QzLV",
      "R3AP": "R3AP",
      "R3KI": "R3KI",
      "R4pa": "R4pa",
      "RH2O": "RH2O",
      "RVHk": "RVHk",
      "Racj": "Racj",
      "ReGu": "ReGu",
      "RhFG": "RhFG",
      "Rk41": "Rk41",
      "Rw4K": "Rw4K",
      "Rz2z": "Rz2z",
      "S+E/": "S+E/",
      "SAW1": "SAW1",
      "SDXa": "SDXa",
      "SHe9": "SHe9",
      "SPtU": "SPtU",
      "SRCy": "SRCy",
      "SU+a": "SU+a",
      "SWkF": "SWkF",
      "Sejc": "Sejc",
      "SldL": "SldL",
      "Stuz": "Stuz",
      "TFWu": "TFWu",
      "THnP": "THnP",
      "TJez": "TJez",
      "TQ3y": "TQ3y",
      "U+VG": "U+VG",
      "U33l": "U33l",
      "U6qc": "U6qc",
      "UJiG": "UJiG",
      "UKM+": "UKM+",
      "UbXY": "UbXY",
      "UnEC": "UnEC",
      "V/H1": "V/H1",
      "V3l/": "V3l/",
      "VDa7": "VDa7",
      "VTn2": "VTn2",
      "VWgF": "VWgF",
      "Vg1y": "Vg1y",
      "VjuZ": "VjuZ",
      "VkY6": "VkY6",
      "W/IU": "W/IU",
      "W0pi": "W0pi",
      "W4Z6": "W4Z6",
      "WBcL": "WBcL",
      "WY8G": "WY8G",
      "WcO1": "WcO1",
      "WgSQ": "WgSQ",
      "WiIn": "WiIn",
      "WlpS": "WlpS",
      "Wnyv": "Wnyv",
      "WpPb": "WpPb",
      "WpTh": "WpTh",
      "Wpbd": "Wpbd",
      "Wwne": "Wwne",
      "X/Hz": "X/Hz",
      "X0mE": "X0mE",
      "X2N6": "X2N6",
      "X6NR": "X6NR",
      "X7aK": "X7aK",
      "XLvd": "XLvd",
      "XO1R": "XO1R",
      "XSOZ": "XSOZ",
      "XXBo": "XXBo",
      "Xduv": "Xduv",
      "XtiL": "XtiL",
      "XvUs": "XvUs",
      "Xxa5": "Xxa5",
      "Y1N3": "Y1N3",
      "Y1S0": "Y1S0",
      "Y1aA": "Y1aA",
      "Y5ex": "Y5ex",
      "Y7Tz": "Y7Tz",
      "YByk": "YByk",
      "YCZr": "YCZr",
      "YUr7": "YUr7",
      "YVn/": "YVn/",
      "Ygg6": "Ygg6",
      "Ymdd": "Ymdd",
      "ZBO9": "ZBO9",
      "ZDXm": "ZDXm",
      "ZRJK": "ZRJK",
      "ZtwE": "ZtwE",
      "aCM0": "aCM0",
      "aJ2J": "aJ2J",
      "aM0T": "aM0T",
      "aQGf": "aQGf",
      "altv": "altv",
      "arGp": "arGp",
      "araD": "araD",
      "bFAv": "bFAv",
      "bG/2": "bG/2",
      "bN1p": "bN1p",
      "bSML": "bSML",
      "bUY0": "bUY0",
      "bUqO": "bUqO",
      "bXVx": "bXVx",
      "beEN": "beEN",
      "blYT": "blYT",
      "boo2": "boo2",
      "bqOW": "bqOW",
      "byaS": "byaS",
      "cEaC": "cEaC",
      "ciQf": "ciQf",
      "cmUn": "cmUn",
      "crWv": "crWv",
      "cwmK": "cwmK",
      "cxPT": "cxPT",
      "czSA": "czSA",
      "d075": "d075",
      "dCLN": "dCLN",
      "dSUw": "dSUw",
      "dTzs": "dTzs",
      "dULJ": "dULJ",
      "diLn": "diLn",
      "dich": "dich",
      "dltz": "dltz",
      "dm+7": "dm+7",
      "dm6P": "dm6P",
      "dsh6": "dsh6",
      "dxQb": "dxQb",
      "e/Fd": "e/Fd",
      "e6+Q": "e6+Q",
      "eC2H": "eC2H",
      "eVIH": "eVIH",
      "f2RQ": "f2RQ",
      "fJSx": "fJSx",
      "fOdq": "fOdq",
      "fS0v": "fS0v",
      "fU25": "fU25",
      "faAt": "faAt",
      "fx22": "fx22",
      "g/m8": "g/m8",
      "g36u": "g36u",
      "gPva": "gPva",
      "gYYG": "gYYG",
      "gbyG": "gbyG",
      "gt/O": "gt/O",
      "gtkP": "gtkP",
      "gvDt": "gvDt",
      "h7Xi": "h7Xi",
      "hYij": "hYij",
      "i039": "i039",
      "i68Q": "i68Q",
      "iBoZ": "iBoZ",
      "iKpr": "iKpr",
      "iM2X": "iM2X",
      "iSqa": "iSqa",
      "im4T": "im4T",
      "ioWq": "ioWq",
      "j/Lv": "j/Lv",
      "j1ja": "j1ja",
      "j42X": "j42X",
      "jB26": "jB26",
      "jL54": "jL54",
      "jNsU": "jNsU",
      "jhxf": "jhxf",
      "jrHM": "jrHM",
      "jyFz": "jyFz",
      "k5k7": "k5k7",
      "kBOG": "kBOG",
      "kic5": "kic5",
      "kjbi": "kjbi",
      "kkCw": "kkCw",
      "kqpo": "kqpo",
      "kxzG": "kxzG",
      "l4Wd": "l4Wd",
      "l5Tb": "l5Tb",
      "lC/i": "lC/i",
      "lCUn": "lCUn",
      "lDLk": "lDLk",
      "lKE8": "lKE8",
      "lMc7": "lMc7",
      "lNQ5": "lNQ5",
      "lVK7": "lVK7",
      "lkT3": "lkT3",
      "lnZN": "lnZN",
      "lyhN": "lyhN",
      "m3Wc": "m3Wc",
      "m5tV": "m5tV",
      "m6Yj": "m6Yj",
      "m8F4": "m8F4",
      "mAx/": "mAx/",
      "mJPh": "mJPh",
      "mJx5": "mJx5",
      "mTp7": "mTp7",
      "mZON": "mZON",
      "mhn7": "mhn7",
      "mqO+": "mqO+",
      "mypn": "mypn",
      "n+F3": "n+F3",
      "n12u": "n12u",
      "n982": "n982",
      "nRs1": "nRs1",
      "nSxQ": "nSxQ",
      "nT98": "nT98",
      "nh2o": "nh2o",
      "nphH": "nphH",
      "nqOf": "nqOf",
      "o+pC": "o+pC",
      "o1/Q": "o1/Q",
      "o5bJ": "o5bJ",
      "oF0V": "oF0V",
      "oHKp": "oHKp",
      "oYd7": "oYd7",
      "oYp4": "oYp4",
      "oeih": "oeih",
      "of+2": "of+2",
      "okyF": "okyF",
      "olkN": "olkN",
      "onEH": "onEH",
      "ot5s": "ot5s",
      "p5BY": "p5BY",
      "pWGb": "pWGb",
      "pd+2": "pd+2",
      "plSV": "plSV",
      "pnVU": "pnVU",
      "qI5z": "qI5z",
      "qZb+": "qZb+",
      "qdHU": "qdHU",
      "qkyc": "qkyc",
      "qtRy": "qtRy",
      "qwQ3": "qwQ3",
      "r2E/": "r2E/",
      "rFzY": "rFzY",
      "rJ03": "rJ03",
      "s4hp": "s4hp",
      "s4j0": "s4j0",
      "sMP3": "sMP3",
      "sc7i": "sc7i",
      "sgb3": "sgb3",
      "smQ+": "smQ+",
      "t1d2": "t1d2",
      "t9eW": "t9eW",
      "tJwI": "tJwI",
      "taNN": "taNN",
      "taor": "taor",
      "tfLY": "tfLY",
      "tqSY": "tqSY",
      "tqq1": "tqq1",
      "twkG": "twkG",
      "twxM": "twxM",
      "u0PK": "u0PK",
      "uDYd": "uDYd",
      "uEEG": "uEEG",
      "uLhX": "uLhX",
      "uO0E": "uO0E",
      "uc2A": "uc2A",
      "ulTY": "ulTY",
      "usL7": "usL7",
      "v2lb": "v2lb",
      "v3hU": "v3hU",
      "v8VU": "v8VU",
      "v90c": "v90c",
      "vC7t": "vC7t",
      "vgv3": "vgv3",
      "vmSO": "vmSO",
      "vmSu": "vmSu",
      "vnWP": "vnWP",
      "vsh6": "vsh6",
      "vttU": "vttU",
      "vu/c": "vu/c",
      "w6Dh": "w6Dh",
      "w6W7": "w6W7",
      "wC1N": "wC1N",
      "wCso": "wCso",
      "wStY": "wStY",
      "wVdn": "wVdn",
      "wXm5": "wXm5",
      "wnRD": "wnRD",
      "wqbf": "wqbf",
      "wrs0": "wrs0",
      "wrym": "wrym",
      "x52Y": "x52Y",
      "x78i": "x78i",
      "x9zv": "x9zv",
      "xAdt": "xAdt",
      "xCpI": "xCpI",
      "xIPz": "xIPz",
      "xMpm": "xMpm",
      "xONB": "xONB",
      "xZa+": "xZa+",
      "xn9I": "xn9I",
      "xuWB": "xuWB",
      "xzwO": "xzwO",
      "y325": "y325",
      "y9m4": "y9m4",
      "yCNF": "yCNF",
      "yJ2x": "yJ2x",
      "yL62": "yL62",
      "yOtE": "yOtE",
      "yYvK": "yYvK",
      "ydD5": "ydD5",
      "yt5j": "yt5j",
      "yuXV": "yuXV",
      "yx1U": "yx1U",
      "yyvF": "yyvF",
      "zCYm": "zCYm",
      "zFGm": "zFGm",
      "zZHq": "zZHq",
      "zgIt": "zgIt",
      "zkX4": "zkX4",
      "zmx7": "zmx7",
      "zo/l": "zo/l",
      "zq/X": "zq/X",
      "zzRL": "zzRL"
    }
  },
  "chunks": {
    "byName": {
      "vendor": 1,
      "app": 2,
      "manifest": 3
    },
    "byBlocks": {
      "node_modules/babel-loader/lib/index.js??ref--2!node_modules/eslint-loader/index.js!src/components/App.js:0/0": 0
    },
    "usedIds": {
      "0": 0,
      "1": 1,
      "2": 2,
      "3": 3
    }
  }
}