{
	"rules": {
		"vars-on-top": 0,
		"no-var": 0,
		"space-infix-ops": 0,
		"quotes": 0,
		"no-param-reassign": 0,
		"func-names": 0,
		"space-before-blocks": 0,
		"comma-spacing": 0,
		"brace-style": 0,
		"keyword-spacing": 0,
		"semi": 0,
		"spaced-comment": 0,
		"no-dupe-keys": 0,
		"no-mixed-spaces-and-tabs": 0,
		"strict": 0,
		"wrap-iife": 0,
		"padded-blocks": 0,
		"comma-dangle": 0,
		"prefer-template": 0,
		"semi-spacing": 0,
		"prefer-arrow": 0,
		"object-curly-spacing": 0,
		"one-var": 0,
		"no-cond-assign": 0,
		"yoda": 0,
		"eqeqeq": 0,
		"no-undef": 0,
		"prefer-arrow-callback": 0,
		"one-var-declaration-per-line": 0,
		"curly": 0,
		"block-scoped-var": 0,
		"guard-for-in": 0,
		"no-unused-vars": 0,
		"no-nested-ternary": 0,
		"no-sequences": 0,
		"no-redeclare":0,
		"no-empty":0,
		"no-new":0,
		"no-loop-func":0,
		"no-multiple-empty-lines":0,
		"no-extra-semi":0
	}
}
